id,nombre,contacto,direccion
1,Random House,contacto@penguinrandomhouse.com,"Buenos Aires, Argentina"
2,Anagrama,info@anagrama-ed.es,"Barcelona, España"
3,Plaza & Janés,contacto@plazayjanes.com,"Barcelona, España"
4,Gaia Ediciones,info@alfaomega.es,"Madrid, España"
5,Sudamericana,contacto@sudamericana.com.ar,"Buenos Aires, Argentina"
6,Planeta,contacto@editorialplaneta.com.ar,"Buenos Aires, Argentina"
7,Debolsillo,info@debolsillo.com,"Buenos Aires, Argentina"
8,Minotauro,consultas@editorialminotauro.com,"Barcelona, España"
9,VR Editoras,contacto@vreditoras.com,"Buenos Aires, Argentina"
10,Siglo XXI,info@sigloxxieditores.com.ar,"Buenos Aires, Argentina"
