id,isbn,titulo,autor,genero_id,editorial_id,anio_publicacion
1,978-8420479705,En agosto nos vemos,"García Márquez, Gabriel",1,1,2024
2,978-8433921864,Un lugar soleado para gente sombría,"Enríquez, Mariana",2,2,2024
3,978-8433922656,El buen mal,"Schweblin, Samanta",3,2,2024
4,978-8417854614,Antes de que se enfríe el café,"Kawaguchi, Toshikazu",3,3,2021
5,978-8416429943,Este dolor no es mío,"Wolynn, Mark",4,4,2017
6,978-9877389654,Espíritu Animal,"Tajes, Magalí",5,5,2024
7,978-9500768436,Fluí con el dinero,"Starobinsky, Ezequiel",6,5,2023
8,978-9504971849,El duelo,"Rolón, Gabriel",7,6,2020
9,978-8419654854,Alas de ónix,"Yarros, Rebecca",8,6,2024
10,978-9878191232,El Eternauta,"Oesterheld, Héctor Germán",9,6,2022
